{
  "type": "Collection",
  "id": "chelsa-clim",
  "stac_version": "1.0.0",
  "description": "CHELSA Climatologies",
  "links": [
    {
      "rel": "root",
      "href": "../catalog.json",
      "type": "application/json"
    },
    {
      "rel": "item",
      "href": "./bio1/bio1.json",
      "type": "application/json"
    },
    {
      "rel": "item",
      "href": "./bio2/bio2.json",
      "type": "application/json"
    },
    {
      "rel": "item",
      "href": "./bio3/bio3.json",
      "type": "application/json"
    },
    {
      "rel": "item",
      "href": "./bio4/bio4.json",
      "type": "application/json"
    },
    {
      "rel": "item",
      "href": "./bio5/bio5.json",
      "type": "application/json"
    },
    {
      "rel": "item",
      "href": "./bio6/bio6.json",
      "type": "application/json"
    },
    {
      "rel": "item",
      "href": "./bio7/bio7.json",
      "type": "application/json"
    },
    {
      "rel": "item",
      "href": "./bio8/bio8.json",
      "type": "application/json"
    },
    {
      "rel": "item",
      "href": "./bio9/bio9.json",
      "type": "application/json"
    },
    {
      "rel": "item",
      "href": "./bio10/bio10.json",
      "type": "application/json"
    },
    {
      "rel": "item",
      "href": "./bio11/bio11.json",
      "type": "application/json"
    },
    {
      "rel": "item",
      "href": "./bio12/bio12.json",
      "type": "application/json"
    },
    {
      "rel": "item",
      "href": "./bio13/bio13.json",
      "type": "application/json"
    },
    {
      "rel": "item",
      "href": "./bio14/bio14.json",
      "type": "application/json"
    },
    {
      "rel": "item",
      "href": "./bio15/bio15.json",
      "type": "application/json"
    },
    {
      "rel": "item",
      "href": "./bio16/bio16.json",
      "type": "application/json"
    },
    {
      "rel": "item",
      "href": "./bio17/bio17.json",
      "type": "application/json"
    },
    {
      "rel": "item",
      "href": "./bio18/bio18.json",
      "type": "application/json"
    },
    {
      "rel": "item",
      "href": "./bio19/bio19.json",
      "type": "application/json"
    },
    {
      "rel": "parent",
      "href": "../catalog.json",
      "type": "application/json"
    }
  ],
  "stac_extensions": [],
  "title": "CHELSA Climatologies",
  "extent": {
    "spatial": {
      "bbox": [
        [
          -180,
          -90,
          180,
          90
        ]
      ]
    },
    "temporal": {
      "interval": [
        [
          "1981-01-01T00:00:00Z",
          "2020-01-01T00:00:00Z"
        ]
      ]
    }
  },
  "license": "CC-BY-SA-4.0"
}