{
  "type": "Feature",
  "stac_version": "1.0.0",
  "id": "bio9_2071-2100_ukesm1-0-ll_ssp585",
  "properties": {
    "full_filename": "CHELSA_bio9_2071-2100_ukesm1-0-ll_ssp585_V.2.1.tif",
    "description": "CHELSA Climatologies projections - bio9",
    "variable": "bio9",
    "version": 2.1,
    "model": "ukesm1-0-ll",
    "rcp": "ssp585",
    "time_span": "2071-2100",
    "proj:epsg": 4326,
    "datetime": "2071-01-01T00:00:00Z"
  },
  "geometry": {
    "type": "Polygon",
    "coordinates": [
      [
        [
          -180.00013888885002,
          -90.00013888885
        ],
        [
          -180.00013888885002,
          83.99986041515
        ],
        [
          179.99985967115003,
          83.99986041515
        ],
        [
          179.99985967115003,
          -90.00013888885
        ],
        [
          -180.00013888885002,
          -90.00013888885
        ]
      ]
    ]
  },
  "links": [
    {
      "rel": "root",
      "href": "../../catalog.json",
      "type": "application/json"
    },
    {
      "rel": "collection",
      "href": "../collection.json",
      "type": "application/json",
      "title": "CHELSA Climatologies Projections"
    },
    {
      "rel": "parent",
      "href": "../collection.json",
      "type": "application/json",
      "title": "CHELSA Climatologies Projections"
    },
    {
      "rel": "self",
      "href": "https://io.biodiversite-quebec.ca/stac/chelsa-clim-proj/bio9_2071-2100_ukesm1-0-ll_ssp585/bio9_2071-2100_ukesm1-0-ll_ssp585.json",
      "type": "application/json"
    }
  ],
  "assets": {
    "bio9_2071-2100_ukesm1-0-ll_ssp585": {
      "href": "https://object-arbutus.cloud.computecanada.ca/bq-io/io/CHELSA/climatologies/CHELSA_bio9_2071-2100_ukesm1-0-ll_ssp585_V.2.1.tif",
      "type": "image/tiff; application=geotiff; profile=cloud-optimized",
      "raster:bands": [
        {
          "data_type": "uint16",
          "spatial_resolution": 0.0083333333,
          "unit": ""
        }
      ]
    }
  },
  "bbox": [
    -180.00013888885002,
    -90.00013888885,
    179.99985967115003,
    83.99986041515
  ],
  "stac_extensions": [
    "https://stac-extensions.github.io/projection/v1.0.0/schema.json"
  ],
  "collection": "chelsa-clim-proj"
}