{
  "type": "Feature",
  "stac_version": "1.0.0",
  "id": "00N_080E",
  "properties": {
    "full_filename": "Hansen_GFC-2020-v1.8_treecover2000_00N_080E.tif",
    "description": "Global Forest Watch - Tree cover 2000 - 00N_080E",
    "grid": "00N_080E",
    "proj:epsg": null,
    "proj:wkt2": "GEOGCS[\"WGS 84\",DATUM[\"WGS_1984\",SPHEROID[\"WGS 84\",6378137,298.257223563,AUTHORITY[\"EPSG\",\"7030\"]],AUTHORITY[\"EPSG\",\"6326\"]],PRIMEM[\"Greenwich\",0],UNIT[\"degree\",0.0174532925199433,AUTHORITY[\"EPSG\",\"9122\"]],AXIS[\"Latitude\",NORTH],AXIS[\"Longitude\",EAST],AUTHORITY[\"EPSG\",\"4326\"]]",
    "datetime": "2000-01-01T00:00:00Z"
  },
  "geometry": {
    "type": "Polygon",
    "coordinates": [
      [
        [
          80.0,
          -10.0
        ],
        [
          80.0,
          0.0
        ],
        [
          90.0,
          0.0
        ],
        [
          90.0,
          -10.0
        ],
        [
          80.0,
          -10.0
        ]
      ]
    ]
  },
  "links": [
    {
      "rel": "root",
      "href": "../../catalog.json",
      "type": "application/json"
    },
    {
      "rel": "collection",
      "href": "../collection.json",
      "type": "application/json",
      "title": "Global Forest Watch - Tree cover 2000"
    },
    {
      "rel": "parent",
      "href": "../collection.json",
      "type": "application/json",
      "title": "Global Forest Watch - Tree cover 2000"
    },
    {
      "rel": "self",
      "href": "https://io.biodiversite-quebec.ca/stac/gfw-treecover2000/00N_080E/00N_080E.json",
      "type": "application/json"
    }
  ],
  "assets": {
    "00N_080E": {
      "href": "https://object-arbutus.cloud.computecanada.ca/bq-io/io/GFW/treecover2000/Hansen_GFC-2020-v1.8_treecover2000_00N_080E.tif",
      "type": "image/tiff; application=geotiff; profile=cloud-optimized",
      "raster:bands": [
        {
          "data_type": "uint8",
          "spatial_resolution": 0.00025,
          "unit": ""
        }
      ]
    }
  },
  "bbox": [
    80.0,
    -10.0,
    90.0,
    0.0
  ],
  "stac_extensions": [
    "https://stac-extensions.github.io/projection/v1.0.0/schema.json"
  ],
  "collection": "gfw-treecover2000"
}