{
  "type": "Feature",
  "stac_version": "1.0.0",
  "id": "bio11_2041-2070_mpi-esm1-2-hr_ssp126",
  "properties": {
    "full_filename": "CHELSA_bio11_2041-2070_mpi-esm1-2-hr_ssp126_V.2.1.tif",
    "description": "CHELSA Climatologies projections - bio11",
    "variable": "bio11",
    "version": 2.1,
    "model": "mpi-esm1-2-hr",
    "rcp": "ssp126",
    "time_span": "2041-2070",
    "proj:epsg": 4326,
    "datetime": "2041-01-01T00:00:00Z"
  },
  "geometry": {
    "type": "Polygon",
    "coordinates": [
      [
        [
          -180.00013888885002,
          -90.00013888885
        ],
        [
          -180.00013888885002,
          83.99986041515
        ],
        [
          179.99985967115003,
          83.99986041515
        ],
        [
          179.99985967115003,
          -90.00013888885
        ],
        [
          -180.00013888885002,
          -90.00013888885
        ]
      ]
    ]
  },
  "links": [
    {
      "rel": "root",
      "href": "../../catalog.json",
      "type": "application/json"
    },
    {
      "rel": "collection",
      "href": "../collection.json",
      "type": "application/json",
      "title": "CHELSA Climatologies Projections"
    },
    {
      "rel": "parent",
      "href": "../collection.json",
      "type": "application/json",
      "title": "CHELSA Climatologies Projections"
    },
    {
      "rel": "self",
      "href": "https://io.biodiversite-quebec.ca/stac/chelsa-clim-proj/bio11_2041-2070_mpi-esm1-2-hr_ssp126/bio11_2041-2070_mpi-esm1-2-hr_ssp126.json",
      "type": "application/json"
    }
  ],
  "assets": {
    "bio11_2041-2070_mpi-esm1-2-hr_ssp126": {
      "href": "https://object-arbutus.cloud.computecanada.ca/bq-io/io/CHELSA/climatologies/CHELSA_bio11_2041-2070_mpi-esm1-2-hr_ssp126_V.2.1.tif",
      "type": "image/tiff; application=geotiff; profile=cloud-optimized",
      "raster:bands": [
        {
          "data_type": "uint16",
          "spatial_resolution": 0.0083333333,
          "unit": ""
        }
      ]
    }
  },
  "bbox": [
    -180.00013888885002,
    -90.00013888885,
    179.99985967115003,
    83.99986041515
  ],
  "stac_extensions": [
    "https://stac-extensions.github.io/projection/v1.0.0/schema.json"
  ],
  "collection": "chelsa-clim-proj"
}