{
  "type": "Feature",
  "stac_version": "1.0.0",
  "id": "pet_penman_02_1988",
  "properties": {
    "full_filename": "CHELSA_pet_penman_02_1988_V.2.1.tif",
    "description": "CHELSA Monthly - 1988-2",
    "variable": "pet",
    "version": 2.1,
    "year": 1988,
    "month": 2,
    "proj:epsg": null,
    "proj:wkt2": "GEOGCS[\"WGS 84\",DATUM[\"WGS_1984\",SPHEROID[\"WGS 84\",6378137,298.257223563,AUTHORITY[\"EPSG\",\"7030\"]],AUTHORITY[\"EPSG\",\"6326\"]],PRIMEM[\"Greenwich\",0],UNIT[\"degree\",0.0174532925199433,AUTHORITY[\"EPSG\",\"9122\"]],AXIS[\"Latitude\",NORTH],AXIS[\"Longitude\",EAST],AUTHORITY[\"EPSG\",\"4326\"]]",
    "datetime": "1988-02-01T00:00:00Z"
  },
  "geometry": {
    "type": "Polygon",
    "coordinates": [
      [
        [
          -180.00013888885002,
          -90.00013888884999
        ],
        [
          -180.00013888885002,
          83.99986041515001
        ],
        [
          179.99985967115003,
          83.99986041515001
        ],
        [
          179.99985967115003,
          -90.00013888884999
        ],
        [
          -180.00013888885002,
          -90.00013888884999
        ]
      ]
    ]
  },
  "links": [
    {
      "rel": "root",
      "href": "../../catalog.json",
      "type": "application/json"
    },
    {
      "rel": "collection",
      "href": "../collection.json",
      "type": "application/json",
      "title": "CHELSA monthly timeseries"
    },
    {
      "rel": "parent",
      "href": "../collection.json",
      "type": "application/json",
      "title": "CHELSA monthly timeseries"
    },
    {
      "rel": "self",
      "href": "https://io.biodiversite-quebec.ca/stac/chelsa-monthly/pet_penman_02_1988/pet_penman_02_1988.json",
      "type": "application/json"
    }
  ],
  "assets": {
    "pet_penman_02_1988": {
      "href": "https://object-arbutus.cloud.computecanada.ca/bq-io/io/CHELSA/monthly/CHELSA_pet_penman_02_1988_V.2.1.tif",
      "type": "image/tiff; application=geotiff; profile=cloud-optimized",
      "raster:bands": [
        {
          "data_type": "uint16",
          "spatial_resolution": 0.0083333333,
          "unit": ""
        }
      ]
    }
  },
  "bbox": [
    -180.00013888885002,
    -90.00013888884999,
    179.99985967115003,
    83.99986041515001
  ],
  "stac_extensions": [
    "https://stac-extensions.github.io/projection/v1.0.0/schema.json"
  ],
  "collection": "chelsa-monthly"
}